Date,Time,8,9,10,12,16,19,21,31,34,46,49,71,84,88,89,91,104,126,127,128,143,52
1/1/2020,0:00,0,0,0,0,0,0,0,0,0,0,0,0,0,0,0,0,0,0,0,0,0,0
1/1/2020,0:15,0,0,0,0,0,0,0,0,0,0,0,0,0,0,0,0,0,0,0,0,0,0
1/1/2020,0:30,0,0,0,0,0,0,0,0,0,0,0,0,0,0,0,0,0,0,0,0,0,0
1/1/2020,0:45,0,0,0,0,0,0,0,0,0,0,0,0,0,0,0,0,0,0,0,0,0,0
1/1/2020,1:00,0,0,0,0,0,0,0,0,0,0,0,0,0,0,0,0,0,0,0,0,0,0
1/1/2020,1:15,0,0,0,0,0,0,0,0,0,0,0,0,0,0,0,0,0,0,0,0,0,0
1/1/2020,1:30,0,0,0,0,0,0,0,0,0,0,0,0,0,0,0,0,0,0,0,0,0,0
1/1/2020,1:45,0,0,0,0,0,0,0,0,0,0,0,0,0,0,0,0,0,0,0,0,0,0
1/1/2020,2:00,0,0,0,0,0,0,0,0,0,0,0,0,0,0,0,0,0,0,0,0,0,0
1/1/2020,2:15,0,0,0,0,0,0,0,0,0,0,0,0,0,0,0,0,0,0,0,0,0,0
1/1/2020,2:30,0,0,0,0,0,0,0,0,0,0,0,0,0,0,0,0,0,0,0,0,0,0
1/1/2020,2:45,0,0,0,0,0,0,0,0,0,0,0,0,0,0,0,0,0,0,0,0,0,0
1/1/2020,3:00,0,0,0,0,0,0,0,0,0,0,0,0,0,0,0,0,0,0,0,0,0,0
1/1/2020,3:15,0,3.623417983,0,0,0,0,0,0,0,0,0,0,0,0,0,0,0,0,0,0,0,0
1/1/2020,3:30,0,33.94588618,0,0,0,0,0,0,0,0,0,0,0,0,0,0,0,0,0,0,0,0
1/1/2020,3:45,0,86.10791385,0,0,0,0,0,0,0,0,0,0,0,0,0,0,0,0,0,0,0,0
1/1/2020,4:00,210.7862105,151.893732,5.402336961,0,0,0,0,0,0,0,0,0,0,0,0,0,0,0,0,0,0,0
1/1/2020,4:15,230.5327821,164.8663766,7.197182984,0,0,0,0,0,0,0,0,0,0,0,0,0,0,0,0,0,0,0
1/1/2020,4:30,250.8723809,178.1634425,9.147500621,0,0,0,0,0,0,0,0,0,0,0,0,0,0,0,0,0,0,0
1/1/2020,4:45,271.7735139,191.773572,11.23876809,0,0,0,0,0,0,0,0,0,0,0,0,0,0,0,0,0,0,0
1/1/2020,5:00,293.2079102,205.6861983,13.4592627,0,0,0,0,0,0,0,0,0,0,0,0,0,0,0,0,0,0,0
1/1/2020,5:15,242.261256,168.73372,7.753871967,0,0,0,0,0,0,0,0,0,0,0,0,0,0,0,0,0,0,0
1/1/2020,5:30,194.6862773,134.1362812,3.168439059,0,0,0,0,0,0,0,0,0,0,0,0,0,0,0,0,0,0,0
1/1/2020,5:45,151.0067264,102.1506645,0.231864794,0,0,0,0,0,0,0,0,0,0,0,0,0,0,0,0,0,0,0
1/1/2020,6:00,112.0167168,73.10577107,0,0,0,0,0,0,0,0,0,0,0,0,0,0,0,0,0,0,0,0
1/1/2020,6:15,91.07373521,0,0,0,0,0,0,0,0,0,0,0,0,0,0,0,0,0,0,0,0,0
1/1/2020,6:30,73.24518447,0,0,0,0,0,0,0,0,0,0,0,0,0,0,0,0,0,0,0,0,0
1/1/2020,6:45,57.30602468,0,0,0,0,0,0,0,0,0,0,0,0,0,0,0,0,0,0,0,0,0
1/1/2020,7:00,43.84857763,0,0,0,0,0,0,0,0,0,0,0,0,0,0,0,0,0,0,0,0,0
1/1/2020,7:15,41.97882267,0,0,0,0,0,0,0,0,0,0,0,0,0,0,0,0,0,0,0,0,0
1/1/2020,7:30,40.1802142,0,0,0,0,0,0,0,0,0,0,0,0,0,0,0,0,0,0,0,0,0
1/1/2020,7:45,38.47335341,0,0,0,0,0,0,0,0,0,0,0,0,0,0,0,0,0,0,0,0,0
1/1/2020,8:00,36.90478447,0,0,0,0,0,0,0,0,0,0,0,0,0,0,0,0,0,0,0,0,0
1/1/2020,8:15,33.02070012,0,0,0,0,0,0,0,0,0,0,0,0,0,0,0,0,0,0,0,0,0
1/1/2020,8:30,29.2760746,0,0,0,0,0,0,0,0,0,0,0,0,0,0,0,0,0,0,0,0,0
1/1/2020,8:45,25.67784598,0,0,0,0,0,0,0,0,0,0,0,0,0,0,0,0,0,0,0,0,0
1/1/2020,9:00,22.23384411,0,0,0,0,0,0,0,0,0,0,0,0,0,0,0,0,0,0,0,0,0
1/1/2020,9:15,21.97493145,0,0,0,0,0,0,0,0,0,0,0,0,0,0,0,0,0,0,0,0,0
1/1/2020,9:30,21.7169927,0,0,0,0,0,0,0,0,0,0,0,0,0,0,0,0,0,0,0,0,0
1/1/2020,9:45,21.46003231,0,0,0,0,0,0,0,0,0,0,0,0,0,0,0,0,0,0,0,0,0
1/1/2020,10:00,21.20405479,0,0,0,0,0,0,0,0,0,0,0,0,0,0,0,0,0,0,0,0,0
1/1/2020,10:15,20.81014676,0,0,0,0,0,0,0,0,0,0,0,0,0,0,0,0,0,0,0,0,0
1/1/2020,10:30,20.41861731,0,0,0,0,0,0,0,0,0,0,0,0,0,0,0,0,0,0,0,0,0
1/1/2020,10:45,20.02948387,0,0,0,0,0,0,0,0,0,0,0,0,0,0,0,0,0,0,0,0,0
1/1/2020,11:00,19.64276421,0,0,0,0,0,0,0,0,0,0,0,0,0,0,0,0,0,0,0,0,0
1/1/2020,11:15,19.70702506,0,0,0,0,0,0,0,0,0,0,0,0,0,0,0,0,0,0,0,0,0
1/1/2020,11:30,19.77135332,0,0,0,0,0,0,0,0,0,0,0,0,0,0,0,0,0,0,0,0,0
1/1/2020,11:45,19.83574891,0,0,0,0,0,0,0,0,0,0,0,0,0,0,0,0,0,0,0,0,0
1/1/2020,12:00,19.90021175,0,0,0,0,0,0,0,0,0,0,0,0,0,0,0,0,0,0,0,0,0
1/1/2020,12:15,19.48464017,0,0,0,0,0,0,0,0,0,0,0,0,0,0,0,0,0,0,0,0,0
1/1/2020,12:30,19.0718988,0,0,0,0,0,0,0,0,0,0,0,0,0,0,0,0,0,0,0,0,0
1/1/2020,12:45,18.66201089,0,0,0,0,0,0,0,0,0,0,0,0,0,0,0,0,0,0,0,0,0
1/1/2020,13:00,18.25500019,0,0,0,0,0,0,0,0,0,0,0,0,0,0,0,0,0,0,0,0,0
1/1/2020,13:15,18.09287683,0,0,0,0,0,0,0,0,0,0,0,0,0,0,0,0,0,0,0,0,0
1/1/2020,13:30,17.93122003,0,0,0,0,0,0,0,0,0,0,0,0,0,0,0,0,0,0,0,0,0
1/1/2020,13:45,17.77003137,0,0,0,0,0,0,0,0,0,0,0,0,0,0,0,0,0,0,0,0,0
1/1/2020,14:00,17.60931248,0,0,0,0,0,0,0,0,0,0,0,0,0,0,0,0,0,0,0,0,0
1/1/2020,14:15,17.94615036,0,0,0,0,0,0,0,0,0,0,0,0,0,0,0,0,0,0,0,0,0
1/1/2020,14:30,18.28503739,0,0,0,0,0,0,0,0,0,0,0,0,0,0,0,0,0,0,0,0,0
1/1/2020,14:45,18.62595906,0,0,0,0,0,0,0,0,0,0,0,0,0,0,0,0,0,0,0,0,0
1/1/2020,15:00,18.96890109,0,0,0,0,0,0,0,0,0,0,0,0,0,0,0,0,0,0,0,0,0
1/1/2020,15:15,17.47223691,0,0,0,0,0,0,0,0,0,0,0,0,0,0,0,0,0,0,0,0,0
1/1/2020,15:30,16.01581626,0,0,0,0,0,0,0,0,0,0,0,0,0,0,0,0,0,0,0,0,0
1/1/2020,15:45,14.60098441,0,0,0,0,0,0,0,0,0,0,0,0,0,0,0,0,0,0,0,0,0
1/1/2020,16:00,13.22920946,1.569183827,0,0,0,0,0,0,0,0,0,0,0,0,0,0,0,0,0,0,0,0
1/1/2020,16:15,30.96672323,8.499735626,0,0,0,0,0,0,0,0,0,0,0,0,0,0,0,0,0,0,0,0
1/1/2020,16:30,55.87574691,30.72222689,0,0,0,0,0,0,0,0,0,0,0,0,0,0,0,0,0,0,0,0
1/1/2020,16:45,92.21457243,61.76268067,0,0,0,0,0,0,0,0,0,0,0,0,0,0,0,0,0,0,0,0
1/1/2020,17:00,140.6038262,99.26858505,0.094785824,0,0,0,0,0,0,0,0,0,0,0,0,0,0,0,0,0,0,0
1/1/2020,17:15,142.3617284,100.0814737,0.129435377,0,0,0,0,0,0,0,0,0,0,0,0,0,0,0,0,0,0,0
1/1/2020,17:30,144.1288231,100.8964853,0.167495857,0,0,0,0,0,0,0,0,0,0,0,0,0,0,0,0,0,0,0
1/1/2020,17:45,145.9050198,101.7136124,0.208680722,0,0,0,0,0,0,0,0,0,0,0,0,0,0,0,0,0,0,0
1/1/2020,18:00,147.6902305,102.5328479,0.252764637,0,0,0,0,0,0,0,0,0,0,0,0,0,0,0,0,0,0,0
1/1/2020,18:15,103.2268338,57.18286857,0,0,0,0,0,0,0,0,0,0,0,0,0,0,0,0,0,0,0,0
1/1/2020,18:30,68.17461222,21.76148238,0,0,0,0,0,0,0,0,0,0,0,0,0,0,0,0,0,0,0,0
1/1/2020,18:45,41.41640093,3.102424151,0,0,0,0,0,0,0,0,0,0,0,0,0,0,0,0,0,0,0,0
1/1/2020,19:00,23.36889248,0,0,0,0,0,0,0,0,0,0,0,0,0,0,0,0,0,0,0,0,0
1/1/2020,19:15,22.64078113,0,0,0,0,0,0,0,0,0,0,0,0,0,0,0,0,0,0,0,0,0
1/1/2020,19:30,21.9200914,0,0,0,0,0,0,0,0,0,0,0,0,0,0,0,0,0,0,0,0,0
1/1/2020,19:45,21.20691697,0,0,0,0,0,0,0,0,0,0,0,0,0,0,0,0,0,0,0,0,0
1/1/2020,20:00,20.5013545,0,0,0,0,0,0,0,0,0,0,0,0,0,0,0,0,0,0,0,0,0
1/1/2020,20:15,18.78892974,0,0,0,0,0,0,0,0,0,0,0,0,0,0,0,0,0,0,0,0,0
1/1/2020,20:30,17.12533265,0,0,0,0,0,0,0,0,0,0,0,0,0,0,0,0,0,0,0,0,0
1/1/2020,20:45,15.5123146,0,0,0,0,0,0,0,0,0,0,0,0,0,0,0,0,0,0,0,0,0
1/1/2020,21:00,13.95179789,0,0,0,0,0,0,0,0,0,0,0,0,0,0,0,0,0,0,0,0,0
1/1/2020,21:15,14.88242106,0,0,0,0,0,0,0,0,0,0,0,0,0,0,0,0,0,0,0,0,0
1/1/2020,21:30,15.8322664,0,0,0,0,0,0,0,0,0,0,0,0,0,0,0,0,0,0,0,0,0
1/1/2020,21:45,16.80089306,0,0,0,0,0,0,0,0,0,0,0,0,0,0,0,0,0,0,0,0,0
1/1/2020,22:00,17.78788543,0,0,0,0,0,0,0,0,0,0,0,0,0,0,0,0,0,0,0,0,0
1/1/2020,22:15,17.78863842,0,0,0,0,0,0,0,0,0,0,0,0,0,0,0,0,0,0,0,0,0
1/1/2020,22:30,17.78939141,0,0,0,0,0,0,0,0,0,0,0,0,0,0,0,0,0,0,0,0,0
1/1/2020,22:45,17.79014442,0,0,0,0,0,0,0,0,0,0,0,0,0,0,0,0,0,0,0,0,0
1/1/2020,23:00,17.79089744,0,0,0,0,0,0,0,0,0,0,0,0,0,0,0,0,0,0,0,0,0
1/1/2020,23:15,17.79979423,0,0,0,0,0,0,0,0,0,0,0,0,0,0,0,0,0,0,0,0,0
1/1/2020,23:30,17.80869246,0,0,0,0,0,0,0,0,0,0,0,0,0,0,0,0,0,0,0,0,0
1/1/2020,23:45,17.81759211,0,0,0,0,0,0,0,0,0,0,0,0,0,0,0,0,0,0,0,0,0
1/2/2020,0:00,17.8264932,0,0,0,0,0,0,0,0,0,0,0,0,0,0,0,0,0,0,0,0,0
1/2/2020,0:15,17.82288561,0,0,0,0,0,0,0,0,0,0,0,0,0,0,0,0,0,0,0,0,0
1/2/2020,0:30,17.81927825,0,0,0,0,0,0,0,0,0,0,0,0,0,0,0,0,0,0,0,0,0
1/2/2020,0:45,17.81567113,0,0,0,0,0,0,0,0,0,0,0,0,0,0,0,0,0,0,0,0,0
1/2/2020,1:00,17.81206424,0,0,0,0,0,0,0,0,0,0,0,0,0,0,0,0,0,0,0,0,0
1/2/2020,1:15,17.79765331,0,0,0,0,0,0,0,0,0,0,0,0,0,0,0,0,0,0,0,0,0
1/2/2020,1:30,17.78324614,0,0,0,0,0,0,0,0,0,0,0,0,0,0,0,0,0,0,0,0,0
1/2/2020,1:45,17.76884273,0,0,0,0,0,0,0,0,0,0,0,0,0,0,0,0,0,0,0,0,0
1/2/2020,2:00,17.75444309,0,0,0,0,0,0,0,0,0,0,0,0,0,0,0,0,0,0,0,0,0
1/2/2020,2:15,17.66606589,0,0,0,0,0,0,0,0,0,0,0,0,0,0,0,0,0,0,0,0,0
1/2/2020,2:30,17.57783094,0,0,0,0,0,0,0,0,0,0,0,0,0,0,0,0,0,0,0,0,0
1/2/2020,2:45,17.48973851,0,0,0,0,0,0,0,0,0,0,0,0,0,0,0,0,0,0,0,0,0
1/2/2020,3:00,17.40178888,0,0,0,0,0,0,0,2227.929376,0,0,0,0,0,0,0,0,0,0,0,0,0
1/2/2020,3:15,44.80875273,0.799723108,0,0,0,0,0,0,2267.257718,0,0,0,0,0,0,0,0,0,0,0,0,0
1/2/2020,3:30,91.09682961,22.69013317,0,0,0,0,0,0,2306.627783,0,0,0,0,0,0,0,0,0,0,0,0,0
1/2/2020,3:45,158.6145193,85.50235482,0,0,0,0,0,0,2346.039554,0,0,0,0,0,0,0,0,0,0,0,0,0
1/2/2020,4:00,241.1021871,170.4767883,8.007716332,0,31939.09202,0,0,0,2385.493013,0,0,0,0,0,0,0,0,0,0,0,0,0
1/2/2020,4:15,341.1801475,238.9621545,19.03758042,0,46650.91184,0,0,0,2523.707026,0,0,0,0,0,0,6447.035607,0,0,0,0,0,0
1/2/2020,4:30,451.1841671,313.968456,32.54045457,0,63054.27368,0,0,0,2662.429315,0,0,0,0,0,0,23073.96465,0,0,0,0,0,0
1/2/2020,4:45,569.3300532,394.6360524,47.90584379,0,81072.5134,0,0,0,2801.659164,0,0,81.11952578,0,0,0,42309.62026,0,0,0,0,0,0
1/2/2020,5:00,694.2531687,480.2843129,64.73890187,167.1444775,100640.7486,33724.96578,0,0,2941.395856,0,0,319.5888691,224.778571,283.2735755,0,64012.89841,0,0,0,0,0,0
1/2/2020,5:15,737.9544886,510.5100692,70.75756761,187.5758809,102404.4564,48298.51041,0,0,3921.979537,0,0,345.9176114,288.977379,339.8068424,84.77000642,65169.19443,0,0,0,0,0,711.1090965
1/2/2020,5:30,782.2684663,541.2288276,76.90299254,207.1568564,104179.3071,64608.09295,0,0,4926.558683,0,0,372.7638931,341.3069661,391.0619438,182.5067393,66331.43864,0,0,0,0,0,10207.53649
1/2/2020,5:45,827.1590381,572.4219041,83.1662672,226.1250928,105965.2675,82570.71934,0,0,5954.910002,0,0,400.0982286,386.6173362,567.1574964,243.7856964,67499.61766,0,0,0,0,0,21853.33209
1/2/2020,6:00,872.5919458,604.0715374,89.53907559,244.6370055,107762.3052,102116.8942,161.0546405,0.747847766,7006.817511,149.4275391,14.60339,427.8929256,427.1480823,694.9217544,292.4965327,68673.71823,0,0,0,0,0,35491.01642
1/2/2020,6:15,805.7818457,556.5066139,79.96810585,215.2136438,107039.3639,101670.2758,158.9573558,1.219925235,7592.357051,113.6225626,10.76100502,430.5155842,370.6115675,502.8936938,233.1083038,67271.44504,0,0,0,0,0,35170.46837
1/2/2020,6:30,740.1863731,510.000923,70.65593457,184.426545,106318.2057,101224.3955,156.8320271,1.763032316,8184.85478,59.08962713,7.327791922,433.1420212,303.7274825,353.8059816,152.0682113,65877.63059,0,0,0,0,0,34850.82578
1/2/2020,6:45,675.9195386,464.6178534,61.63267394,151.3492251,105598.8326,100779.2537,154.6774983,2.368747135,8784.277851,0,4.362742485,435.7722159,217.1355183,277.0578563,0,64492.29758,0,0,0,0,0,34532.0898
1/2/2020,7:00,613.104847,420.4260926,52.93200568,113.8375033,104881.2467,100334.8511,152.4925317,3.031058467,9390.593977,0,1.959852493,438.4061479,45.22480527,179.9829191,0,63115.46892,0,0,0,0,0,34214.26158
1/2/2020,7:15,462.4574984,310.0222514,31.80692288,0,103405.5916,100338.6132,152.5111753,0.972249396,9169.187982,0,1.977444429,429.1921668,0,4.714568243,0,60972.33332,0,0,0,0,0,34216.95057
1/2/2020,7:30,324.4862359,210.1483815,14.18693674,0,101937.5803,100342.3754,152.5298167,0,8948.691868,0,1.995088527,420.024717,0,0,0,58850.28285,0,0,0,0,0,34219.63962
1/2/2020,7:45,202.8287039,123.1244091,1.955267856,0,100477.2316,100346.1376,152.5484558,0,8729.107164,0,2.012784631,410.9046975,0,0,0,56749.40961,0,92.25898444,0,0,0,34222.32874
1/2/2020,8:00,103.7533784,52.61787908,0,0,99024.56477,100349.8999,152.5670926,0,8510.435411,0,2.030532588,401.8330245,0,0,0,54669.80725,0,745.3949224,16.86362257,51.35076246,0,34225.01793
1/2/2020,8:15,83.21982537,12.87195732,0,0,98680.06168,100354.7122,152.5909271,0,8263.579153,0,2.05330881,399.2636573,0,0,0,54698.75262,0,748.9693472,17.35780103,52.66894276,0,34228.45768
1/2/2020,8:30,65.4311398,0.882787966,0,0,98335.99482,100359.5245,152.6147579,0,8017.901072,0,2.076169294,396.6982925,0,0,0,54727.70217,0,752.5246032,17.85646005,54.00574145,0,34231.89754
1/2/2020,8:45,49.88992424,0,0,0,97992.36446,100364.337,152.6385849,0,7773.403458,0,2.099113725,394.1369519,0,0,0,54756.6559,0,756.0610187,18.35954796,55.36060101,0,34235.33751
1/2/2020,9:00,37.49659979,0,0,0,97649.17085,100369.1495,152.6624083,0,7530.088617,0,2.122141794,391.5796575,0,0,0,54785.61381,0,759.5789125,18.86701444,56.7330211,0,34238.77758
1/2/2020,9:15,38.47344279,0,0,0,97301.70872,100372.3913,152.6784535,0,7423.040229,0,2.13770041,388.5319625,0,0,0,54788.82996,0,751.9777805,17.77929943,53.798477,0,34241.09486
1/2/2020,9:30,39.51532326,0,0,0,96954.69598,100375.6331,152.694497,0,7316.223051,0,2.153296743,385.4901036,0,0,0,54792.04617,0,744.288976,16.71217463,50.94820556,0,34243.41219
1/2/2020,9:45,40.59735457,0,0,0,96608.13289,100378.8749,152.7105389,0,7209.637285,0,2.168930698,382.4541188,0,0,0,54795.26242,0,736.5091416,15.66616728,48.18835977,0,34245.72957
1/2/2020,10:00,41.7111792,0,0,0,96262.01973,100382.1168,152.726579,0,7103.283133,0,2.184602186,379.4240464,0,0,0,54798.47873,0,728.6346897,14.64183754,45.52730273,0,34248.04699
1/2/2020,10:15,36.79060279,0,0,0,96020.62363,100371.6919,152.674992,0,7011.544162,0,2.134340528,377.0672399,0,0,0,54794.17844,0,726.7354203,14.39993625,44.9062688,0,34240.59491
1/2/2020,10:30,32.36092244,0,0,0,95779.44711,100361.2674,152.6233875,0,6919.978507,0,2.084469104,374.7140645,0,0,0,54789.87825,0,724.8304563,14.15931945,44.29181078,0,34233.14334
1/2/2020,10:45,28.11546584,0,0,0,95538.49025,100350.8433,152.5717655,0,6828.5863,0,2.034991042,372.3645387,0,0,0,54785.57814,0,722.9197418,13.91999579,43.68419628,0,34225.69226
1/2/2020,11:00,24.0649493,0,0,0,95297.75316,100340.4196,152.5201261,0,6737.367673,0,1.985909545,370.0186811,0,0,0,54781.27813,0,721.0032201,13.68197406,43.083743,0,34218.24168
1/2/2020,11:15,22.23843143,0,0,0,95148.05577,100342.403,152.5299536,0,6663.236157,0,1.995218281,368.0342978,0,0,0,54774.60923,0,723.8371151,14.03464773,43.97482236,0,34219.65937
1/2/2020,11:30,20.45876905,0,0,0,94998.44355,100344.3865,152.5397805,0,6589.219839,0,2.004541471,366.0525716,0,0,0,54767.94055,0,726.6583539,14.39016292,44.88124527,0,34221.07708
1/2/2020,11:45,18.72749627,0,0,0,94848.91651,100346.3699,152.5496067,0,6515.31879,0,2.013879094,364.0735141,0,0,0,54761.2721,0,729.4671187,14.74849146,45.80209728,0,34222.4948
1/2/2020,12:00,17.04628027,0,0,0,94699.47469,100348.3534,152.5594324,0,6441.533081,0,2.023231126,362.0971367,0,0,0,54754.60387,0,732.2635866,15.10960585,46.73665055,0,34223.91255
1/2/2020,12:15,16.35690287,0,0,0,76942.72613,100350.5978,152.5705497,0,6379.997933,0,2.033830719,360.3552512,0,0,0,54745.5949,0,730.5602918,14.88913774,46.16534478,0,34225.51681
1/2/2020,12:30,15.67678113,0,0,0,60526.88818,100352.8423,152.5816663,0,6318.543328,0,2.044448701,358.6154698,0,0,0,54736.58635,0,728.8524526,14.66970097,45.59903676,0,34227.12109
1/2/2020,12:45,15.00606412,0,0,0,45504.9935,100355.0867,152.592782,0,6257.169309,0,2.055085038,356.8778007,0,0,0,54727.57819,0,727.1400295,14.45130169,45.03787242,0,34228.7254
1/2/2020,13:00,14.34490728,0,0,0,31939.09202,100357.3312,152.603897,0,6195.875918,0,2.0657397,355.1422518,0,0,0,54718.57045,0,725.4229822,14.23394613,44.48201646,0,34230.32974
1/2/2020,13:15,13.19748331,0,0,0,31939.09202,100359.0294,152.6123061,0,6139.842722,0,2.073813288,353.7205749,0,0,0,54708.87545,0,723.8685416,14.03858362,43.9848146,0,34231.54361
1/2/2020,13:30,12.08154479,0,0,0,0,100360.7276,152.6207148,0,6083.877147,0,2.081897333,352.3003339,0,0,0,54699.18092,0,722.3102669,13.84408199,43.49225346,0,34232.75749
1/2/2020,13:45,10.99813733,0,0,0,0,100362.4258,152.629123,0,6027.979226,0,2.089991822,350.8815331,0,0,0,54689.48686,0,720.7481272,13.65044602,43.00451806,0,34233.97139
1/2/2020,14:00,9.948404001,0,0,0,0,100364.124,152.6375308,0,5972.148991,0,2.098096741,349.4641771,0,0,0,54679.79327,0,719.182091,13.45768056,42.52182717,0,34235.1853
1/2/2020,14:15,11.95752062,0,0,0,0,100366.5131,152.649358,0,5923.264502,0,2.109516327,348.6945144,0,0,0,54669.09793,0,718.7970341,13.41049082,42.40412818,0,34236.89304
1/2/2020,14:30,14.08299532,0,0,0,0,100368.9022,152.6611842,0,5874.43207,0,2.12095649,347.9252804,0,0,0,54658.40315,0,718.41174,13.36335391,42.28675331,0,34238.60081
1/2/2020,14:45,16.31797079,0,0,0,0,100371.2913,152.6730096,0,5825.651719,0,2.132417192,347.1564759,0,0,0,54647.70894,0,718.0262082,13.3162699,42.16970725,0,34240.30861
1/2/2020,15:00,18.65655695,0,0,0,0,100373.6805,152.684834,0,5776.92347,0,2.143898397,346.3881017,0,0,0,54637.01531,0,717.6404382,13.26923888,42.05299497,0,34242.01643
1/2/2020,15:15,18.03971735,0,0,0,0,100376.1149,152.6968815,0,5732.259201,0,2.155618128,345.8439584,0,0,0,54625.82313,0,718.433931,13.36606653,42.29350268,0,34243.75663
1/2/2020,15:30,17.4295983,0,0,0,0,100378.5494,152.7089281,0,5687.638831,0,2.167359068,345.3000317,0,0,0,54614.63158,0,719.2264176,13.46311816,42.53540159,0,34245.49686
1/2/2020,15:45,16.82628813,0,0,0,0,100380.9838,152.7209736,0,5643.062379,0,2.179121178,344.7563219,0,0,0,54603.44065,0,720.0179022,13.56039311,42.77865209,0,34247.23711
1/2/2020,16:00,16.22987817,0.293821093,0,0,0,100383.4183,152.7330183,0,5598.52986,0,2.190904419,344.2128292,0,0,0,54592.25035,0,720.8083888,13.65789077,43.02321872,0,34248.9774
1/2/2020,16:15,38.86865708,6.423824086,0,0,0,100369.0555,152.6619429,0,5561.119473,0,2.12169113,343.8686436,0,0,0,54260.03812,0,721.8760409,13.79012185,43.3560635,0,34238.71037
1/2/2020,16:30,75.40075583,37.09936614,0,0,0,100354.6934,152.5908344,0,5523.74017,0,2.053220074,343.5245453,0,0,0,53928.3786,0,722.9418847,13.92275768,43.69118698,0,34228.4443
1/2/2020,16:45,127.8606789,83.27501884,0,0,0,100340.3322,152.5196928,0,5486.39196,0,1.985499519,343.1805344,0,0,0,53597.27221,0,724.00593,14.05579672,44.02852603,0,34218.17918
1/2/2020,17:00,194.5249239,140.1389759,3.88997806,0,31939.09202,100325.9717,152.448518,0,5449.074855,0,1.918538008,342.836611,0,0,0,53266.71934,0,725.0681867,14.18923744,44.36802399,0,34207.91501
1/2/2020,17:15,270.3355423,192.3375827,11.32725692,0,46162.37539,100328.2534,152.4598292,0,5554.138941,0,1.929126474,343.2562854,0,0,0,55008.59983,0,725.796343,14.2810696,44.60229539,0,34209.54583
1/2/2020,17:30,353.8364311,249.3115863,20.83489234,0,61974.95104,100330.5351,152.4711396,0,5659.449062,0,1.939734289,343.67609,0,0,0,56765.69532,0,726.5236641,14.37308985,44.83754456,0,34211.17667
1/2/2020,17:45,443.7638528,310.4933793,31.89438818,0,79306.60185,100332.8168,152.4824492,0,5765.00499,0,1.950361419,344.0960246,0,0,0,58537.94862,0,727.2501533,14.4652977,45.07375713,0,34212.80753
1/2/2020,18:00,539.1655265,375.4302116,44.19330068,76.5263553,98097.65503,100335.0986,152.4937579,0,5870.806499,0,1.961007826,344.5160891,0,4.326365162,0,60325.30334,0,727.9758135,14.55769268,45.3109195,0,34214.43842
1/2/2020,18:15,544.7513284,378.7658064,44.83602263,82.539793,98965.59912,100338.0548,152.5084081,0,6205.161949,0,1.974829813,350.6852187,0,4.983796563,0,60443.79518,0,727.8747293,14.54480458,45.27781019,0,34216.55142
1/2/2020,18:30,550.3522686,382.1097843,45.4812546,88.20854588,99836.31732,100341.0111,152.5230568,0,6541.937368,0,1.988684023,356.8818337,0,5.671163978,0,60562.35254,0,727.7736291,14.5319201,45.24471911,0,34218.66445
1/2/2020,18:45,555.968221,385.4621033,46.12897356,93.59865016,100709.8055,100343.9674,152.5377042,0,6881.125829,0,2.002570381,363.105563,0,6.387144427,0,60680.97541,0,727.6725128,14.51903925,45.2116463,0,34220.77753
1/2/2020,19:00,561.5990609,388.8227214,46.77915677,98.75800783,101586.0594,100346.9237,152.5523502,0,7222.720476,0,2.016488812,369.3560406,0,7.130567937,0,60799.66376,0,727.5713805,14.50616204,45.17859179,0,34222.89065
1/2/2020,19:15,487.5544988,336.8095549,36.8243613,0,100654.1318,100350.0979,152.5680737,0,7277.980815,0,2.031468385,367.4241782,0,0.953549752,0,59275.70283,0,726.529245,14.37379708,44.83935448,0,34225.15951
1/2/2020,19:30,416.4706024,287.0255488,27.57635358,0,99725.33351,100353.2722,152.5837956,0,7333.303408,0,2.046484753,365.4948398,0,0,0,57762.64127,0,725.4853967,14.24181835,44.5021005,0,34227.42841
1/2/2020,19:45,348.7146083,239.6700453,19.15967927,0,98799.66957,100356.4465,152.5995159,0,7388.688227,0,2.061537823,363.5680357,0,0,0,56260.51348,0,724.4398263,14.11022728,44.16687295,0,34229.69736
1/2/2020,20:00,284.7247407,194.9765486,11.7430829,0,97877.14499,100359.6208,152.6152346,0,7444.135246,0,2.076627506,361.6437768,0,0,0,54769.3543,4.203738383,723.3925246,13.97902531,43.83371895,0,34231.96636
1/2/2020,20:15,204.9929587,123.7165792,2.016338986,0,97481.23255,100362.352,152.6287577,0,7268.913121,0,2.089639902,359.8745384,0,0,0,36089.0379,8.166972825,723.097053,13.94211955,43.74020877,0,34233.91864
1/2/2020,20:30,135.1410964,63.73092207,0,0,97085.90249,100365.0833,152.6422795,0,7094.314275,0,2.102679278,358.1074744,0,0,0,19425.98053,10.75767047,722.8014428,13.90524485,43.6468686,0,34235.87096
1/2/2020,20:45,79.50068243,18.8963703,0,0,96691.15521,100367.8145,152.6558002,0,6920.339601,0,2.115745577,356.3425933,0,0,0,4887.416519,12.835712,722.505694,13.86840124,43.55369971,0,34237.82331
1/2/2020,21:00,40.7434279,1.569095524,0,0,96296.99111,100370.5458,152.6693197,0,6746.99,0,2.128838744,354.5799036,0,0,0,0,14.62133822,722.2098063,13.83158874,43.46070344,0,34239.7757
1/2/2020,21:15,40.94221244,0,0,0,96059.6799,100372.6767,152.679866,0,6612.500214,0,2.139071994,353.1694024,0,0,0,0,15.29621723,722.1642054,13.82591967,43.44639059,0,34241.29888
1/2/2020,21:30,41.14196912,0,0,0,95822.58083,100374.8075,152.6904117,0,6478.390072,0,2.149321535,351.7603173,0,0,0,0,15.94255287,722.1186013,13.82025135,43.43208189,0,34242.82207
1/2/2020,21:45,41.34267438,0,0,0,95585.69398,100376.9384,152.7009566,0,6344.660003,0,2.159587342,350.3526528,0,0,0,0,16.56368685,722.0729938,13.81458376,43.41777732,0,34244.34529
1/2/2020,22:00,41.54430668,0,0,0,95349.01944,100379.0693,152.7115008,0,6211.310439,0,2.169869388,348.9464132,0,0,0,0,17.16235568,722.0273831,13.80891691,43.40347689,0,34245.86853
1/2/2020,22:15,41.05469186,0,0,0,95127.67042,100380.7168,152.7196524,0,6108.565489,0,2.177829945,347.8118286,0,0,0,0,17.11521786,722.0606184,13.81304607,43.4138967,0,34247.04622
1/2/2020,22:30,40.57077229,0,0,0,94906.50758,100382.3643,152.7278036,0,6006.048039,0,2.185800182,346.6781784,0,0,0,0,17.06794985,722.0938519,13.81717563,43.42431872,0,34248.22392
1/2/2020,22:45,40.09293377,0,0,0,94685.531,100384.0118,152.7359543,0,5903.758287,0,2.193780086,345.5454651,0,0,0,0,17.02055058,722.1270837,13.82130557,43.43474293,0,34249.40164
1/2/2020,23:00,39.62168504,0,0,0,94464.74074,100385.6593,152.7441046,0,5801.696438,0,2.201769646,344.413691,0,0,0,0,16.97301894,722.1603137,13.82543591,43.44516934,0,34250.57936
1/2/2020,23:15,34.25411834,0,0,0,76779.25558,100365.4443,152.6440671,0,5719.252214,0,2.104405193,343.3891897,0,0,0,0,16.63255079,721.7035729,13.76871863,43.30210146,0,34236.12907
1/2/2020,23:30,29.22525425,0,0,0,60426.60775,100345.2309,152.543964,0,5636.957544,0,2.00851516,342.3654629,0,0,0,0,16.28496606,721.2465002,13.71207561,43.15945328,0,34221.68066
1/2/2020,23:45,24.4576788,0,0,0,45459.38497,100325.019,152.4437952,0,5554.812537,0,1.914122947,341.3425124,0,0,0,0,15.92979892,720.7890948,13.65550696,43.0172303,0,34207.23414
1/3/2020,0:00,19.97052165,0,0,0,31939.09202,100304.8087,152.3435605,0,5472.8173,0,1.821253084,340.3203399,0,0,0,0,15.56653036,720.331356,13.59901282,42.87543829,0,34192.7895
1/3/2020,0:15,20.59502257,0,0,0,31939.09202,100306.221,152.3505675,0,5397.864738,0,1.827693197,339.8061667,0,0,0,0,15.14910143,720.0543718,13.56488363,42.78989986,0,34193.79889
1/3/2020,0:30,21.22566295,0,0,0,0,100307.6334,152.3575741,0,5323.037938,0,1.834140861,339.2921912,0,0,0,0,14.71983971,719.7772652,13.53078177,42.70452268,0,34194.80828
1/3/2020,0:45,21.86237187,0,0,0,0,100309.0457,152.3645804,0,5248.336983,0,1.840596067,338.7784137,0,0,0,0,14.27767796,719.500036,13.49670725,42.61930823,0,34195.81769
1/3/2020,1:00,22.50508043,0,0,0,0,100310.4581,152.3715864,0,5173.761958,0,1.847058806,338.2648344,0,0,0,0,13.82137817,719.222684,13.46266011,42.53425801,0,34196.82711
1/3/2020,1:15,0,0,0,0,0,100312.153,152.3799935,0,5105.016823,0,1.854824369,338.0030113,0,0,0,0,13.33086406,719.0791065,13.44505152,42.49030966,0,34198.03847
1/3/2020,1:30,0,0,0,0,0,100313.8479,152.3884002,0,5036.379185,0,1.862600753,337.7412399,0,0,0,0,12.82159813,718.9354961,13.42745027,42.44640593,0,34199.24985
1/3/2020,1:45,0,0,0,0,0,100315.5428,152.3968064,0,4967.849111,0,1.870387943,337.4795201,0,0,0,0,12.29124977,718.7918526,13.40985637,42.40254706,0,34200.46124
1/3/2020,2:00,0,0,0,0,0,100317.2378,152.4052121,0,4899.426667,0,1.878185922,337.217852,0,0,0,0,11.7369614,718.6481762,13.39226982,42.35873329,0,34201.67265
1/3/2020,2:15,0,0,0,0,0,100316.5084,152.401595,0,4845.523492,0,1.874828976,337.0006393,0,0,0,0,10.93330426,718.7890866,13.40951769,42.40170306,0,34201.15136
1/3/2020,2:30,0,0,0,0,0,100315.779,152.3979778,0,4791.687379,0,1.871474025,336.7834623,0,0,0,0,10.06568533,718.9299653,13.42677264,42.44471621,0,34200.63006
1/3/2020,2:45,0,0,0,0,0,100315.0497,152.3943605,0,4737.91836,0,1.868121073,336.566321,0,0,0,0,9.115859817,719.0708123,13.44403465,42.48777252,0,34200.10878
1/3/2020,3:00,0,0,0,0,0,100314.3203,152.3907432,0,4684.216469,0,1.864770119,336.3492153,0,0,0,0,8.054798527,719.2116276,13.46130372,42.53087176,0,34199.58749
1/3/2020,3:15,0,0,0,0,0,100313.3078,152.3857214,0,4646.99647,0,1.860121577,336.1888191,0,0,0,0,6.638657388,719.1912197,13.4588003,42.52462229,0,34198.86384
1/3/2020,3:30,0,0,0,0,0,100312.2953,152.3806994,0,4609.808812,0,1.855476893,336.0284425,0,0,0,0,4.823252483,719.1708112,13.45629702,42.51837371,0,34198.14019
1/3/2020,3:45,0,0,0,0,0,100311.2828,152.3756772,0,4572.653507,0,1.85083607,335.8680853,0,0,0,0,1.567085548,719.150402,13.4537939,42.51212603,0,34197.41654
1/3/2020,4:00,0,0,0,0,0,100310.2703,152.3706549,0,4535.530565,0,1.846199112,335.7077477,0,0,0,0,0,719.1299921,13.45129092,42.50587925,0,34196.6929
1/3/2020,4:15,0,0,0,0,0,100309.1974,152.365333,0,4506.057598,0,1.841289898,335.5204368,0,0,0,0,0,719.0763516,13.44471376,42.48946693,0,34195.92612
1/3/2020,4:30,0,0,0,0,0,100308.1245,152.3600108,0,4476.605076,0,1.836385032,335.3331525,0,0,0,0,0,719.0227064,13.43813763,42.47306083,0,34195.15934
1/3/2020,4:45,0,0,0,0,0,100307.0517,152.3546885,0,4447.173003,0,1.831484515,335.1458949,0,0,0,0,0,718.9690567,13.43156252,42.45666097,0,34194.39257
1/3/2020,5:00,104.625194,75.52148092,0,0,31939.09202,100305.9788,152.349366,0,4417.761385,0,1.826588353,334.958664,0,0,0,0,0,718.9154023,13.42498844,42.44026737,0,34193.6258
1/3/2020,5:15,163.0558774,118.1970076,1.468414817,0,45633.38144,100315.5072,152.3966296,0,4426.762855,0,1.870224088,335.0101508,0,0,0,4933.87798,0,716.3073198,13.10734397,41.65286405,0,34200.43577
1/3/2020,5:30,231.4642236,166.4936606,7.430307107,0,60809.3069,100325.0359,152.4438786,0,4435.766244,0,1.914200852,335.0616396,0,0,0,19534.03866,0,713.6882601,12.79213462,40.8820035,0,34207.24616
1/3/2020,5:45,307.65414,219.6095657,15.75215562,0,77403.26894,100334.5649,152.4911129,0,4444.771549,0,1.958515981,335.1131305,0,0,0,36272.60088,0,711.0580712,12.47938387,40.1307577,0,34214.05696
1/3/2020,6:00,390.2961712,276.9525623,25.749575,1.178972907,95360.9714,100344.0942,152.5383326,0,4453.778771,0,2.003166874,335.1646233,0,0,0,55041.38663,0,708.4165974,12.16911575,39.40878356,0,34220.86819
1/3/2020,6:15,399.8561098,282.9883143,26.84211178,1.916907004,96040.96581,81342.07641,0,0,4609.524081,0,0,335.7712679,0,0,0,55437.58688,0,712.7828436,12.68404399,40.62059002,0,21026.11352
1/3/2020,6:30,409.4827803,289.0623066,27.94778984,2.764067007,96722.7083,63859.05573,0,0,4765.839438,0,0,336.3781921,0,0,0,55834.56495,0,717.1184489,13.2057314,41.89572547,0,9745.564409
1/3/2020,6:45,419.1750685,295.1741189,29.06633207,3.707087643,97406.19676,47960.64476,0,0,4922.724027,0,0,336.9853957,0,0,0,56232.32017,0,721.4241034,13.73407148,43.2148191,0,528.788312
1/3/2020,7:00,428.9318871,301.3233391,30.1974712,4.736374694,98091.4291,33724.96578,0,0,5080.177032,0,0,337.5928782,0,0,0,56630.85188,0,725.7004704,14.26896173,44.57137845,0,0
1/3/2020,7:15,342.8350275,237.8385041,18.84403185,0,97401.26182,33724.96578,0,0,5127.837142,0,0,337.2893857,0,0,0,37344.51844,0,719.9545483,13.55259406,42.75912101,0,0
1/3/2020,7:30,262.8718083,179.0989952,9.288380982,0,96712.86367,0,0,0,5175.548993,0,0,336.9859628,0,0,0,20164.5275,5.935464023,714.1554675,12.84808728,41.01795762,0,0
1/3/2020,7:45,190.2244152,125.799612,2.235213068,0,96026.23679,0,0,0,5223.312563,0,0,336.6826094,0,0,0,5204.637047,9.781946097,708.3015915,12.1556941,39.37857173,0,0
1/3/2020,8:00,126.6679026,78.88814768,0,0,95341.38335,0,0,0,5271.127829,0,0,336.3793258,0,0,0,0,12.4957275,702.3911945,11.47568083,37.84491941,0,0
1/3/2020,8:15,100.393106,29.24601382,0,0,95194.96932,0,0,0,5171.039554,0,0,336.1595939,0,0,0,0,13.55119476,64.10088908,0,0,0,0
1/3/2020,8:30,78.14194417,3.021065576,0,0,95048.63673,0,0,0,5071.178168,0,0,335.9398986,0,0,0,0,14.53019454,0,0,0,0,0
1/3/2020,8:45,58.94259692,0,0,0,94902.38558,0,0,0,4971.543873,0,0,335.72024,0,0,0,0,15.44727248,0,0,0,0,0
1/3/2020,9:00,43.04183821,0,0,0,94756.21591,0,0,0,4872.136876,0,0,335.5006181,0,0,0,0,16.31287531,0,0,0,0,0
1/3/2020,9:15,41.6963273,0,0,0,76982.23756,0,0,0,4796.556244,0,0,335.0618547,0,0,0,0,16.61861739,0,0,0,0,0
1/3/2020,9:30,40.38930369,0,0,0,60551.12354,0,0,0,4721.10775,0,0,334.6232379,0,0,0,0,16.91883528,0,0,0,0,0
1/3/2020,9:45,39.12800616,0,0,0,45516.01433,0,0,0,4645.791484,0,0,334.1847679,0,0,0,0,17.21381801,0,0,0,0,0
1/3/2020,10:00,37.93559185,0,0,0,31939.09202,0,0,0,4570.607538,0,0,333.7464448,0,0,0,0,17.50383025,0,0,0,0,0
1/3/2020,10:15,34.17686976,0,0,0,31939.09202,0,0,0,4515.699462,0,0,333.4299376,0,0,0,0,17.45578917,0,0,0,0,0
1/3/2020,10:30,30.54444324,0,0,0,0,0,0,0,4460.862261,0,0,333.1135072,0,0,0,0,17.40761551,0,0,0,0,0
1/3/2020,10:45,27.04419731,0,0,0,0,0,0,0,4406.095971,0,0,332.7971537,0,0,0,0,17.35930817,0,0,0,0,0
1/3/2020,11:00,23.68271687,0,0,0,0,0,0,0,4351.400629,0,0,332.480877,0,0,0,0,17.31086602,0,0,0,0,0
1/3/2020,11:15,0,0,0,0,0,0,0,0,4292.433888,0,0,332.8946858,0,0,0,0,17.0347094,0,0,0,0,0
1/3/2020,11:30,0,0,0,0,0,0,0,0,4233.549918,0,0,333.3086262,0,0,0,0,16.75400149,0,0,0,0,0
1/3/2020,11:45,0,0,0,0,0,0,0,0,4174.748766,0,0,333.722698,0,0,0,0,16.46850959,0,0,0,0,0
1/3/2020,12:00,0,0,0,0,0,0,0,0,4116.030478,0,0,334.1369011,0,0,0,0,16.1779804,0,0,0,0,0
1/3/2020,12:15,0,0,0,0,0,0,0,0,4058.631416,0,0,333.9842211,0,0,0,0,15.71497438,0,0,0,0,0
1/3/2020,12:30,0,0,0,0,0,0,0,0,4001.311845,0,0,333.831559,0,0,0,0,15.23790633,0,0,0,0,0
1/3/2020,12:45,0,0,0,0,0,0,0,0,3944.071808,0,0,333.6789147,0,0,0,0,14.74541146,0,0,0,0,0
1/3/2020,13:00,0,0,0,0,0,0,0,0,3886.911348,0,0,333.5262882,0,0,0,0,14.23588876,0,0,0,0,0
1/3/2020,13:15,0,0,0,0,0,0,0,0,3831.79896,0,0,333.1182129,0,0,0,0,13.52810747,0,0,0,0,0
1/3/2020,13:30,0,0,0,0,0,0,0,0,3776.760831,0,0,332.7102653,0,0,0,0,12.78119144,0,0,0,0,0
1/3/2020,13:45,0,0,0,0,0,0,0,0,3721.797001,0,0,332.3024455,0,0,0,0,11.98782789,0,0,0,0,0
1/3/2020,14:00,13.69687913,0,0,0,0,0,0,0,3666.907509,0,0,331.8947538,0,0,0,0,11.1380959,0,0,0,0,0
1/3/2020,14:15,0,0,0,0,0,0,0,0,3627.862424,0,0,331.076706,0,0,0,0,10.04466907,0,0,0,0,0
1/3/2020,14:30,0,0,0,0,0,0,0,0,3588.855075,0,0,330.2591753,0,0,0,0,8.81666452,0,0,0,0,0
1/3/2020,14:45,0,0,0,0,0,0,0,0,3549.885477,0,0,329.4421628,0,0,0,0,7.387270791,0,0,0,0,0
1/3/2020,15:00,0,0,0,0,0,0,0,0,3510.953645,0,0,328.6256694,0,0,0,0,5.604459494,0,0,0,0,0
1/3/2020,15:15,0,0,0,0,0,0,0,0,3478.112485,0,0,327.9629142,0,0,0,0,2.54924819,0,0,0,0,0
1/3/2020,15:30,0,0,0,0,0,0,0,0,3445.298265,0,0,327.3005026,0,0,0,0,0,0,0,0,0,0
1/3/2020,15:45,0,0,0,0,0,0,0,0,3412.510994,0,0,326.638435,0,0,0,0,0,0,0,0,0,0
1/3/2020,16:00,18.94758243,0,0,0,0,0,0,0,3379.75068,0,0,325.976712,0,0,0,0,0,0,0,0,0,0
1/3/2020,16:15,0,0,0,0,0,0,0,0,3347.219854,0,0,325.4444119,0,0,0,0,0,0,0,0,0,0
1/3/2020,16:30,0,0,0,0,0,0,0,0,3314.71567,0,0,324.9123356,0,0,0,0,0,0,0,0,0,0
1/3/2020,16:45,0,0,0,0,0,0,0,0,3282.238136,0,0,324.3804833,0,0,0,0,0,0,0,0,0,0
1/3/2020,17:00,0,0,0,0,0,0,0,0,3249.787262,0,0,323.8488554,0,0,0,0,0,0,0,0,0,0
1/3/2020,17:15,0,0,0,0,0,0,0,0,3219.782019,0,0,323.4403137,0,0,0,0,0,0,0,0,0,0
1/3/2020,17:30,0,0,0,0,0,0,0,0,3189.799619,0,0,323.0319048,0,0,0,0,0,0,0,0,0,0
1/3/2020,17:45,0,0,0,0,0,0,0,0,3159.840068,0,0,322.623629,0,0,0,0,0,0,0,0,0,0
1/3/2020,18:00,0,0,0,0,0,0,0,0,3129.903373,0,0,322.2154862,0,0,0,0,0,0,0,0,0,0
1/3/2020,18:15,0,0,0,0,0,0,0,0,3107.609348,0,0,321.7828376,0,0,0,0,0,0,0,0,0,0
1/3/2020,18:30,0,1.415504011,0,0,0,0,0,0,3085.328023,0,0,321.350339,0,0,0,0,0,0,0,0,0,0
1/3/2020,18:45,0,5.181246258,0,0,0,0,0,0,3063.059399,0,0,320.9179905,0,0,0,0,0,0,0,0,0,0
1/3/2020,19:00,38.49900341,19.98933733,0,0,0,0,0,0,3040.80348,0,0,320.4857923,0,0,0,0,0,0,0,0,0,0
1/3/2020,19:15,31.76481253,12.61985505,0,0,0,0,0,0,3020.296362,0,0,320.0536914,0,0,0,0,0,0,0,0,0,0
1/3/2020,19:30,25.46897037,6.783539706,0,0,0,0,0,0,2999.800046,0,0,319.6217411,0,0,0,0,0,0,0,0,0,0
1/3/2020,19:45,19.63579592,3.524838061,0,0,0,0,0,0,2979.314536,0,0,319.1899415,0,0,0,0,0,0,0,0,0,0
1/3/2020,20:00,14.31477256,2.224813627,0,0,0,0,0,0,2958.839833,0,0,318.7582929,0,0,0,0,0,0,0,0,0,0
1/3/2020,20:15,0,0.562872793,0,0,0,0,0,0,2932.999331,0,0,318.311641,0,0,0,0,0,0,0,0,0,0
1/3/2020,20:30,0,0,0,0,0,0,0,0,2907.176071,0,0,317.8651511,0,0,0,0,0,0,0,0,0,0
1/3/2020,20:45,0,0,0,0,0,0,0,0,2881.370059,0,0,317.4188233,0,0,0,0,0,0,0,0,0,0
1/3/2020,21:00,0,0,0,0,0,0,0,0,2855.581299,0,0,316.9726579,0,0,0,0,0,0,0,0,0,0
1/3/2020,21:15,0,0,0,0,0,0,0,0,2832.040636,0,0,316.9099401,0,0,0,0,0,0,0,0,0,0
1/3/2020,21:30,0,0,0,0,0,0,0,0,2808.514374,0,0,316.8472256,0,0,0,0,0,0,0,0,0,0
1/3/2020,21:45,0,0,0,0,0,0,0,0,2785.002516,0,0,316.7845143,0,0,0,0,0,0,0,0,0,0
1/3/2020,22:00,17.30254803,0,0,0,0,0,0,0,2761.505065,0,0,316.7218062,0,0,0,0,0,0,0,0,0,0
1/3/2020,22:15,0,0,0,0,0,0,0,0,2739.486737,0,0,316.6491937,0,0,0,0,0,0,0,0,0,0
1/3/2020,22:30,0,0,0,0,0,0,0,0,2717.48108,0,0,316.5765854,0,0,0,0,0,0,0,0,0,0
1/3/2020,22:45,0,0,0,0,0,0,0,0,2695.488098,0,0,316.5039815,0,0,0,0,0,0,0,0,0,0
1/3/2020,23:00,0,0,0,0,0,0,0,0,2673.507793,0,0,316.4313819,0,0,0,0,0,0,0,0,0,0
1/3/2020,23:15,0,0,0,0,0,0,0,0,2657.532496,0,0,316.4766512,0,0,0,0,0,0,0,0,0,0
1/3/2020,23:30,0,0,0,0,0,0,0,0,2641.563904,0,0,316.5219222,0,0,0,0,0,0,0,0,0,0
1/3/2020,23:45,0,0,0,0,0,0,0,0,2625.60202,0,0,316.5671948,0,0,0,0,0,0,0,0,0,0
1/4/2020,0:00,18.61628858,0,0,0,0,0,0,0,2609.646844,0,0,316.6124691,0,0,0,0,0,0,0,0,0,0
1/4/2020,0:15,0,0,0,0,0,0,0,0,2596.148214,0,0,316.5645685,0,0,0,0,0,0,0,0,0,0
1/4/2020,0:30,0,0,0,0,0,0,0,0,2582.654392,0,0,316.5166697,0,0,0,0,0,0,0,0,0,0
1/4/2020,0:45,0,0,0,0,0,0,0,0,2569.165376,0,0,316.4687728,0,0,0,0,0,0,0,0,0,0
1/4/2020,1:00,0,0,0,0,0,0,0,0,2555.681169,0,0,316.4208778,0,0,0,0,0,0,0,0,0,0
1/4/2020,1:15,0,0,0,0,0,0,0,0,2545.136079,0,0,316.4049278,0,0,0,0,0,0,0,0,0,0
1/4/2020,1:30,0,0,0,0,0,0,0,0,2534.593931,0,0,316.388978,0,0,0,0,0,0,0,0,0,0
1/4/2020,1:45,0,0,0,0,0,0,0,0,2524.054728,0,0,316.3730285,0,0,0,0,0,0,0,0,0,0
1/4/2020,2:00,0,0,0,0,0,0,0,0,2513.518467,0,0,316.3570791,0,0,0,0,0,0,0,0,0,0
1/4/2020,2:15,0,0,0,0,0,0,0,0,2500.963253,0,0,316.096955,0,0,0,0,0,0,0,0,0,0
1/4/2020,2:30,0,0,0,0,0,0,0,0,2488.412221,0,0,315.8368863,0,0,0,0,0,0,0,0,0,0
1/4/2020,2:45,0,0,0,0,0,0,0,0,2475.865374,0,0,315.576873,0,0,0,0,0,0,0,0,0,0
1/4/2020,3:00,15.40116272,0,0,0,0,0,0,0,2463.322711,0,0,315.3169153,0,0,0,0,0,0,0,0,0,0
1/4/2020,3:15,0,0,0,0,0,0,0,0,2453.388881,0,0,315.0793827,0,0,0,0,0,0,0,0,0,0
1/4/2020,3:30,0,0,0,0,0,0,0,0,2443.457677,0,0,314.8418966,0,0,0,0,0,0,0,0,0,0
1/4/2020,3:45,0,0,0,0,0,0,0,0,2433.529101,0,0,314.6044568,0,0,0,0,0,0,0,0,0,0
1/4/2020,4:00,0,0,0,0,0,0,0,0,2423.603153,0,0,314.3670636,0,0,0,0,0,0,0,0,0,0
1/4/2020,4:15,0,0,0,0,0,0,0,0,2416.294369,0,0,314.0756061,0,0,0,0,0,0,0,0,0,0
1/4/2020,4:30,0,0,0,0,0,0,0,0,2408.98701,0,0,313.7842187,0,0,0,0,0,0,0,0,0,0
1/4/2020,4:45,0,0,0,0,0,0,0,0,2401.681076,0,0,313.4929016,0,0,0,0,0,0,0,0,0,0
1/4/2020,5:00,0,0,0,0,0,0,0,0,2394.376569,0,0,313.2016547,0,0,0,0,0,0,0,0,0,0
1/4/2020,5:15,0,0,0,0,0,0,0,0,2405.485334,0,0,313.8413016,0,0,0,0,0,0,0,0,0,0
1/4/2020,5:30,0,0,0,0,0,0,0,0,2416.597396,0,0,314.481287,0,0,0,0,0,0,0,0,0,0
1/4/2020,5:45,0,0,0,0,0,0,0,0,2427.712755,0,0,315.1216103,0,0,0,0,0,0,0,0,0,0
1/4/2020,6:00,24.21089914,0,0,0,0,0,0,0,2438.831411,0,0,315.7622709,0,0,0,0,0,0,0,0,0,0
1/4/2020,6:15,30.20764016,0.404604214,0,0,0,0,0,0,2455.660909,0,0,316.1112323,0,0,0,0,0,0,0,0,0,0
1/4/2020,6:30,36.60924315,2.782203854,0,0,0,0,0,0,2472.497952,0,0,316.4602934,0,0,0,0,0,0,0,0,0,0
1/4/2020,6:45,44.01476824,11.08766078,0,0,0,0,0,0,2489.342538,0,0,316.8094543,0,0,0,0,0,0,0,0,0,0
1/4/2020,7:00,52.78162594,29.32609895,0,0,0,0,0,0,2506.194665,0,0,317.1587148,0,0,0,0,0,0,0,0,0,0
1/4/2020,7:15,47.73605686,24.58055723,0,0,0,0,0,0,2515.944688,0,0,317.0824081,0,0,0,0,0,0,0,0,0,0
1/4/2020,7:30,43.0978039,20.1475856,0,0,0,0,0,0,2525.697233,0,0,317.0061061,0,0,0,0,0,0,0,0,0,0
1/4/2020,7:45,38.84026222,16.05544377,0,0,0,0,0,0,2535.452299,0,0,316.9298089,0,0,0,0,0,0,0,0,0,0
1/4/2020,8:00,35.12533771,12.34137552,0,0,0,0,0,0,2545.209888,0,0,316.8535164,0,0,0,0,0,0,0,0,0,0
1/4/2020,8:15,31.66372989,2.690331453,0,0,0,0,0,0,2539.08004,0,0,316.1374708,0,0,0,0,0,0,0,0,0,0
1/4/2020,8:30,28.31809011,0.195434052,0,0,0,0,0,0,2532.951188,0,0,315.4218449,0,0,0,0,0,0,0,0,0,0
1/4/2020,8:45,25.09373447,0,0,0,0,0,0,0,2526.823331,0,0,314.7066395,0,0,0,0,0,0,0,0,0,0
1/4/2020,9:00,21.9966083,0,0,0,0,0,0,0,2520.696469,0,0,313.9918553,0,0,0,0,0,0,0,0,0,0
1/4/2020,9:15,21.76409578,0,0,0,0,0,0,0,2507.885061,0,0,313.5464673,0,0,0,0,0,0,0,0,0,0
1/4/2020,9:30,21.53237678,0,0,0,0,0,0,0,2495.078006,0,0,313.1012433,0,0,0,0,0,0,0,0,0,0
1/4/2020,9:45,21.30145459,0,0,0,0,0,0,0,2482.275306,0,0,312.6561837,0,0,0,0,0,0,0,0,0,0
1/4/2020,10:00,21.07133253,0,0,0,0,0,0,0,2469.47696,0,0,312.2112885,0,0,0,0,0,0,0,0,0,0
1/4/2020,10:15,19.49060899,0,0,0,0,0,0,0,2461.536879,0,0,311.8281556,0,0,0,0,0,0,0,0,0,0
1/4/2020,10:30,17.95007725,0,0,0,0,0,0,0,2453.598476,0,0,311.445145,0,0,0,0,0,0,0,0,0,0
1/4/2020,10:45,16.45101971,0,0,0,0,0,0,0,2445.66175,0,0,311.0622568,0,0,0,0,0,0,0,0,0,0
1/4/2020,11:00,14.99482879,0,0,0,0,0,0,0,2437.726702,0,0,310.6794911,0,0,0,0,0,0,0,0,0,0
1/4/2020,11:15,17.25695483,0,0,0,0,0,0,0,2451.894813,0,0,311.1125351,0,0,0,0,0,0,0,0,0,0
1/4/2020,11:30,19.61909859,0,0,0,0,0,0,0,2466.068271,0,0,311.5457359,0,0,0,0,0,0,0,0,0,0
1/4/2020,11:45,22.07648539,0,0,0,0,0,0,0,2480.247077,0,0,311.9790933,0,0,0,0,0,0,0,0,0,0
1/4/2020,12:00,24.62487843,0,0,0,0,0,0,0,2494.431228,0,0,312.4126072,0,0,0,0,0,0,0,0,0,0
1/4/2020,12:15,25.07219956,0,0,0,0,0,0,0,2515.599,0,0,312.58334,0,0,0,0,0,0,0,0,0,0
1/4/2020,12:30,25.52208293,0,0,0,0,0,0,0,2536.778664,0,0,312.754097,0,0,0,0,0,0,0,0,0,0
1/4/2020,12:45,25.97451072,0,0,0,0,0,0,0,2557.970216,0,0,312.9248782,0,0,0,0,0,0,0,0,0,0
1/4/2020,13:00,26.42946536,0,0,0,0,0,0,0,2579.173653,0,0,313.0956837,0,0,0,0,0,0,0,0,0,0
1/4/2020,13:15,26.38988468,0,0,0,0,0,0,0,2597.881978,0,0,312.9509853,0,0,0,0,0,0,0,0,0,0
1/4/2020,13:30,26.3503229,0,0,0,0,0,0,0,2616.599542,0,0,312.8063043,0,0,0,0,0,0,0,0,0,0
1/4/2020,13:45,26.31078005,0,0,0,0,0,0,0,2635.326344,0,0,312.6616406,0,0,0,0,0,0,0,0,0,0
1/4/2020,14:00,26.27125613,0,0,0,0,0,0,0,2654.062383,0,0,312.5169944,0,0,0,0,0,0,0,0,0,0
1/4/2020,14:15,26.72282308,0,0,0,0,0,0,0,2657.188826,0,0,312.1447995,0,0,0,0,0,0,0,0,0,0
1/4/2020,14:30,27.17683414,0,0,0,0,0,0,0,2660.315526,0,0,311.7727199,0,0,0,0,0,0,0,0,0,0
1/4/2020,14:45,27.63327307,0,0,0,0,0,0,0,2663.442483,0,0,311.4007556,0,0,0,0,0,0,0,0,0,0
1/4/2020,15:00,28.09212388,0,0,0,0,0,0,0,2666.569697,0,0,311.0289068,0,0,0,0,0,0,0,0,0,0
1/4/2020,15:15,26.11937868,0,0,0,0,0,0,0,2665.831641,0,0,310.6711674,0,0,0,0,0,0,0,0,0,0
1/4/2020,15:30,24.19304241,0,0,0,0,0,0,0,2665.093599,0,0,310.3135352,0,0,0,0,0,0,0,0,0,0
1/4/2020,15:45,22.31453325,0,0,0,0,0,0,0,2664.355571,0,0,309.9560101,0,0,0,0,0,0,0,0,0,0
1/4/2020,16:00,20.48538131,0,0,0,0,0,0,0,2663.617557,0,0,309.5985922,0,0,0,0,0,0,0,0,0,0
1/4/2020,16:15,20.01887278,0,0,0,0,0,0,0,2657.089871,0,0,309.2258666,0,0,0,0,0,0,0,0,0,0
1/4/2020,16:30,19.55583104,0,0,0,0,0,0,0,2650.563306,0,0,308.8532579,0,0,0,0,0,0,0,0,0,0
1/4/2020,16:45,19.09628731,0,0,0,0,0,0,0,2644.03786,0,0,308.4807663,0,0,0,0,0,0,0,0,0,0
1/4/2020,17:00,18.64027354,0,0,0,0,0,0,0,2637.513534,0,0,308.1083918,0,0,0,0,0,0,0,0,0,0
1/4/2020,17:15,19.22932583,0,0,0,0,0,0,0,2625.872079,0,0,307.8537901,0,0,0,0,0,0,0,0,0,0
1/4/2020,17:30,19.82423947,0,0,0,0,0,0,0,2614.234192,0,0,307.5992434,0,0,0,0,0,0,0,0,0,0
1/4/2020,17:45,20.42494649,0,0,0,0,0,0,0,2602.599874,0,0,307.3447515,0,0,0,0,0,0,0,0,0,0
1/4/2020,18:00,21.03138091,0,0,0,0,0,0,0,2590.969126,0,0,307.0903146,0,0,0,0,0,0,0,0,0,0
1/4/2020,18:15,20.4479118,0,0,0,0,0,0,0,2574.576758,0,0,306.9189956,0,0,0,0,0,0,0,0,0,0
1/4/2020,18:30,19.86974033,0,0,0,0,0,0,0,2558.191488,0,0,306.7477016,0,0,0,0,0,0,0,0,0,0
1/4/2020,18:45,19.29692512,0,0,0,0,0,0,0,2541.813316,0,0,306.5764325,0,0,0,0,0,0,0,0,0,0
1/4/2020,19:00,18.72952651,0,0,0,0,0,0,0,2525.442244,0,0,306.4051883,0,0,0,0,0,0,0,0,0,0
1/4/2020,19:15,18.84829082,0,0,0,0,0,0,0,2510.571092,0,0,306.2942809,0,0,0,0,0,0,0,0,0,0
1/4/2020,19:30,18.9672964,0,0,0,0,0,0,0,2495.705805,0,0,306.1833841,0,0,0,0,0,0,0,0,0,0
1/4/2020,19:45,19.08654269,0,0,0,0,0,0,0,2480.846384,0,0,306.0724977,0,0,0,0,0,0,0,0,0,0
1/4/2020,20:00,19.20602909,0.500376447,0,0,0,0,0,0,2465.99283,0,0,305.9616217,0,0,0,0,0,0,0,0,0,0
1/4/2020,20:15,19.35445059,0.019127705,0,0,0,0,0,0,2453.581375,0,0,306.0050945,0,0,0,0,0,0,0,0,0,0
1/4/2020,20:30,19.50323897,0,0,0,0,0,0,0,2441.17402,0,0,306.0485689,0,0,0,0,0,0,0,0,0,0
1/4/2020,20:45,19.65239316,0,0,0,0,0,0,0,2428.770767,0,0,306.0920449,0,0,0,0,0,0,0,0,0,0
1/4/2020,21:00,19.8019121,0,0,0,0,0,0,0,2416.371615,0,0,306.1355225,0,0,0,0,0,0,0,0,0,0
1/4/2020,21:15,19.81953991,0,0,0,0,0,0,0,2412.648579,0,0,306.1291041,0,0,0,0,0,0,0,0,0,0
1/4/2020,21:30,19.83717276,0,0,0,0,0,0,0,2408.925912,0,0,306.1226857,0,0,0,0,0,0,0,0,0,0
1/4/2020,21:45,19.85481065,0,0,0,0,0,0,0,2405.203616,0,0,306.1162673,0,0,0,0,0,0,0,0,0,0
1/4/2020,22:00,19.87245357,0,0,0,0,0,0,0,2401.48169,0,0,306.109849,0,0,0,0,0,0,0,0,0,0
1/4/2020,22:15,19.33301507,0,0,0,0,0,0,0,2401.30076,0,0,306.1077203,0,0,0,0,0,0,0,0,0,0
1/4/2020,22:30,18.79837381,0,0,0,0,0,0,0,2401.119831,0,0,306.1055916,0,0,0,0,0,0,0,0,0,0
1/4/2020,22:45,18.26858144,0,0,0,0,0,0,0,2400.938903,0,0,306.1034629,0,0,0,0,0,0,0,0,0,0
1/4/2020,23:00,17.74369105,0,0,0,0,0,0,0,2400.757976,0,0,306.1013343,0,0,0,0,0,0,0,0,0,0
1/4/2020,23:15,18.21965788,0,0,0,0,0,0,0,2400.737141,0,0,306.0927157,0,0,0,0,0,0,0,0,0,0
1/4/2020,23:30,18.69966309,0,0,0,0,0,0,0,2400.716306,0,0,306.0840971,0,0,0,0,0,0,0,0,0,0
1/4/2020,23:45,19.18366688,0,0,0,0,0,0,0,2400.695472,0,0,306.0754787,0,0,0,0,0,0,0,0,0,0
1/5/2020,0:00,19.67163045,0,0,0,0,0,0,0,2400.674637,0,0,306.0668603,0,0,0,0,0,0,0,0,0,0
1/5/2020,0:15,18.98882042,0,0,0,0,0,0,0,2400.612955,0,0,306.0529887,0,0,0,0,0,0,0,0,0,0
1/5/2020,0:30,18.31381968,0,0,0,0,0,0,0,2400.551274,0,0,306.0391173,0,0,0,0,0,0,0,0,0,0
1/5/2020,0:45,17.6467367,0,0,0,0,0,0,0,2400.489593,0,0,306.0252461,0,0,0,0,0,0,0,0,0,0
1/5/2020,1:00,16.98768388,0,0,0,0,0,0,0,2400.427911,0,0,306.0113751,0,0,0,0,0,0,0,0,0,0
1/5/2020,1:15,17.44770233,0,0,0,0,0,0,0,2400.406333,0,0,305.998853,0,0,0,0,0,0,0,0,0,0
1/5/2020,1:30,17.91166439,0,0,0,0,0,0,0,2400.384755,0,0,305.9863311,0,0,0,0,0,0,0,0,0,0
1/5/2020,1:45,18.37953101,0,0,0,0,0,0,0,2400.363177,0,0,305.9738093,0,0,0,0,0,0,0,0,0,0
1/5/2020,2:00,18.85126409,0,0,0,0,0,0,0,2400.341599,0,0,305.9612876,0,0,0,0,0,0,0,0,0,0
1/5/2020,2:15,18.68959943,0,0,0,0,0,0,0,2399.639033,0,0,305.9288894,0,0,0,0,0,0,0,0,0,0
1/5/2020,2:30,18.52838357,0,0,0,0,0,0,0,2398.936481,0,0,305.8964922,0,0,0,0,0,0,0,0,0,0
1/5/2020,2:45,18.36761799,0,0,0,0,0,0,0,2398.233942,0,0,305.8640958,0,0,0,0,0,0,0,0,0,0
1/5/2020,3:00,18.20730418,0,0,0,0,0,0,0,2397.531417,0,0,305.8317003,0,0,0,0,0,0,0,0,0,0
1/5/2020,3:15,17.39902627,0,0,0,0,0,0,0,2396.367431,0,0,305.7752512,0,0,0,0,0,0,0,0,0,0
1/5/2020,3:30,16.60267734,0,0,0,0,0,0,0,2395.203481,0,0,305.7188048,0,0,0,0,0,0,0,0,0,0
1/5/2020,3:45,15.81847057,0,0,0,0,0,0,0,2394.039567,0,0,305.6623612,0,0,0,0,0,0,0,0,0,0
1/5/2020,4:00,15.04662923,0,0,0,0,0,0,0,2392.875689,0,0,305.6059202,0,0,0,0,0,0,0,0,0,0
1/5/2020,4:15,0,0,0,0,0,0,0,0,2391.223619,0,0,305.5238369,0,0,0,0,0,0,0,0,0,0
1/5/2020,4:30,0,0,0,0,0,0,0,0,2389.571622,0,0,305.4417594,0,0,0,0,0,0,0,0,0,0
1/5/2020,4:45,0,0,0,0,0,0,0,0,2387.919698,0,0,305.3596877,0,0,0,0,0,0,0,0,0,0
1/5/2020,5:00,0,0,0,0,0,0,0,0,2386.267846,0,0,305.2776217,0,0,0,0,0,0,0,0,0,0
